{
    "test_roc_auc": 0.9854156428626852,
    "accuracy": 0.9485683987274656,
    "f1": 0.9480171489817792,
    "precision": 0.9582881906825569,
    "recall": 0.9379639448568399
}