{
    "roc_auc": 0.986467373030501,
    "accuracy": 0.9480381760339343,
    "f1": 0.9478168264110757,
    "precision": 0.9518716577540107,
    "recall": 0.943796394485684
}