{
    "roc_auc": 0.9633616399905989,
    "accuracy": 0.9000530222693531,
    "f1": 0.9002909283258397,
    "precision": 0.8981530343007915,
    "recall": 0.9024390243902439
}