{
    "roc_auc": 0.9700120551161711,
    "accuracy": 0.9273594909862142,
    "f1": 0.9260259179265657,
    "precision": 0.9433443344334433,
    "recall": 0.9093319194061505
}