{
    "roc_auc": 0.9868439548427943,
    "accuracy": 0.9485683987274656,
    "f1": 0.9486228813559322,
    "precision": 0.9476190476190476,
    "recall": 0.9496288441145281
}