{
    "roc_auc": 0.9860019522091112,
    "accuracy": 0.9493637327677624,
    "f1": 0.9486697124428918,
    "precision": 0.9618528610354223,
    "recall": 0.9358430540827147
}