{
    "accuracy": 0.9466316710411199,
    "precision": 0.9748837209302326,
    "recall": 0.9168853893263342,
    "f1-score": 0.9449954914337241,
    "support": 1143.0
}
