{
    "fit_time": 2.3526623249053955,
    "score_time": 0.5402944087982178,
    "test_recall": 0.8444444444444443,
    "train_recall": 0.8742782152230971,
    "test_precision": 0.8871885760792487,
    "train_precision": 0.8896680173207088,
    "test_f1": 0.8652579580909135,
    "train_f1": 0.8818816426946652,
    "test_accuracy": 0.8685039370078741,
    "train_accuracy": 0.8828958880139982,
    "test_roc_auc": 0.9351219986390591,
    "train_roc_auc": 0.9527310767584497
}
