{
    "recall": 0.9338582677165354,
    "precision": 0.9555649403693683,
    "f1": 0.944469250512161,
    "accuracy": 0.9450568678915137,
    "roc_auc": 0.9845080060530492
}
