{
    "recall": 0.8894138232720911,
    "precision": 0.9534410695834193,
    "f1": 0.9202450071733435,
    "accuracy": 0.9229221347331583,
    "roc_auc": 0.9745487960111723
}
