{
    "test_recall": 0.9142585883225121,
    "test_precision": 0.9539042834611713,
    "test_f1": 0.9336564589701043,
    "test_accuracy": 0.9350389362722871,
    "test_roc_auc": 0.9779020750134351
}
