{
    "recall": 0.8992125984251966,
    "precision": 0.9714612165596593,
    "f1": 0.9339133005559963,
    "accuracy": 0.936395450568679,
    "roc_auc": 0.9792368473625835
}
