{
    "recall": 0.8279965004374453,
    "precision": 0.8616158445856403,
    "f1": 0.8443837098449298,
    "accuracy": 0.8474190726159231,
    "roc_auc": 0.9188575290730828
}
