{
    "recall": 0.8943132108486438,
    "precision": 0.9360244251375676,
    "f1": 0.9144948358746321,
    "accuracy": 0.9163604549431321,
    "roc_auc": 0.9729122989110175
}
