{
    "accuracy": 0.8565179352580927,
    "precision": 0.874885004599816,
    "recall": 0.8320209973753281,
    "f1-score": 0.852914798206278,
    "support": 1143.0
}
