{
    "accuracy": 0.9181977252843394,
    "precision": 0.9283154121863799,
    "recall": 0.9063867016622922,
    "f1-score": 0.917220008853475,
    "support": 1143.0
}
