{
    "recall": 0.8932633420822397,
    "precision": 0.9212514254077266,
    "f1": 0.9069867577104903,
    "accuracy": 0.9083989501312336,
    "roc_auc": 0.9715701110414565
}
