{
    "recall": 0.9224846894138233,
    "precision": 0.946671518869063,
    "f1": 0.9343579816843255,
    "accuracy": 0.9351706036745405,
    "roc_auc": 0.9806294773083373
}
