{
    "recall": 0.920909886264217,
    "precision": 0.9688741356782151,
    "f1": 0.9442688531369381,
    "accuracy": 0.9456692913385826,
    "roc_auc": 0.9823123596864478
}
