step	fit_time
0	2.2570996284484863
1	0.8466356754302978
2	0.5688838481903076
3	2.260538196563721
4	0.8671575069427491
5	0.5901987075805664
6	2.2440279483795167
7	0.8613422870635986
8	0.5856388568878174
9	2.2529959201812746
10	6.593648624420166
11	6.932152986526489
12	6.438157320022583
13	6.408894300460815
14	1.9721200942993165
15	0.2486560821533203
16	1.7994885444641113
17	7.8845244407653805
