step	fit_time
0	0.17136640548706056
14	5.216595602035523
15	6.8929249286651615
16	0.4598824501037598
17	7.419847106933593
