step	score_time
0	0.0794590950012207
14	0.45079622268676756
15	0.44779109954833984
16	0.1755596160888672
17	0.45630764961242676
