step	train_accuracy
0	0.9590113735783028
14	1.0
15	1.0
16	0.7826115485564304
17	1.0
