step	train_f1
0	0.8818816426946652
1	0.8447526017123914
2	0.7939326168692024
3	0.8818816426946652
4	0.8446834046059009
5	0.7939326168692024
6	0.8818816426946652
7	0.8446576223116236
8	0.7939326168692024
9	0.8818816426946652
10	1.0
11	1.0
12	1.0
13	1.0
14	0.9600421389170796
15	0.9237117425386494
16	0.954294666346254
17	1.0
