step	train_roc_auc
0	0.9527282542219405
1	0.9247122926344618
2	0.8664603105440779
3	0.9527292301498183
4	0.9247090443254959
5	0.8664541966429612
6	0.9527310049990471
7	0.9247063413879915
8	0.8664509722537964
9	0.9527240969605396
10	1.0
11	1.0
12	1.0
13	1.0
14	0.9930064386363341
15	0.9774483207917033
16	0.9913608615797479
17	1.0
