step	train_roc_auc
0	0.9911830944032257
14	1.0
15	1.0
16	0.8632826176146178
17	1.0
