step	train_precision
0	0.9511613391477185
14	1.0
15	1.0
16	0.7578457394516167
17	1.0
