step	train_f1
0	0.9593662192377055
14	1.0
15	1.0
16	0.7925912657751439
17	1.0
