step	train_recall
0	0.8742782152230971
1	0.8346894138232722
2	0.8353455818022747
3	0.8742782152230971
4	0.834601924759405
5	0.8353455818022747
6	0.8742782152230971
7	0.8345581802274715
8	0.8353455818022747
9	0.8742782152230971
10	1.0
11	1.0
12	1.0
13	1.0
14	0.9527121609798777
15	0.9258530183727034
16	0.9480314960629921
17	1.0
