step	train_recall
0	0.9677165354330708
14	1.0
15	1.0
16	0.8307086614173228
17	1.0
